N,error_L2_pressure_primal,error_L2_velocity_primal,error_Hdiv_velocity_primal,error_tangential_primal,error_normal_primal,error_L2_pressure_dual,error_L2_velocity_dual,error_H1_pressure_dual,error_Hcurl_velocity_dual,error_tangential_dual,error_normal_dual,error_L2_pressure_df,error_L2_velocity_df,rate_L2_pressure_primal,rate_L2_velocity_primal,rate_Hdiv_velocity_primal,rate_tangential_primal,rate_normal_primal,rate_L2_pressure_dual,rate_L2_velocity_dual,rate_H1_pressure_dual,rate_Hcurl_velocity_dual,rate_tangential_dual,rate_normal_dual,rate_L2_pressure_df,rate_L2_velocity_df
1,0.0025119511302886606,0.0039631844461856134,0.0054614452981519976,0.0071669149486976265,0.002571976750422506,0.0016353547081222454,0.008077419906939021,0.016249373322910068,0.00807741990693902,0.010092253882958358,0.0142443278248764,0.0022970677278068754,0.008567213256024093,---,---,---,---,---,---,---,---,---,---,---,---,---
2,0.000422752205143799,0.0004932967212523709,0.0008032711302670759,0.0009190005640440915,0.00016007214951992228,0.00010602317251497547,0.0010933022909983118,0.0021896193221426514,0.0010933022909983118,0.0006721354614300881,0.0025092177127524415,0.00041601708717360565,0.0011835892411633554,2.570924211943705,3.00613250828796,2.7653238597426277,2.9632145817553583,4.0060833768189745,3.947152068919662,2.8852021882726815,2.8916321039574724,2.8852021882726806,3.9083525729572415,2.5050779869782263,2.4650787035612325,2.8556575130658235
4,5.5425260931537965e-05,6.193995768886924e-05,0.00010367197532517753,0.00011395427774428638,9.941071417373099e-06,6.367336696576208e-06,0.00013908955581421983,0.00027826301876926853,0.0001390895558142246,4.126163966978053e-05,0.00033464966787275196,5.531406959326403e-05,0.00015163234684495674,2.9311967178314973,2.993513395720779,2.953861070079368,3.011610663846014,4.009177159921753,4.057545751586973,2.9746063543983094,2.976158978873972,2.9746063543982597,4.025878963647388,2.9065141642918437,2.9109243920337367,2.964519034414442
