N,error_L2_pressure_primal,error_L2_velocity_primal,error_Hdiv_velocity_primal,error_tangential_primal,error_normal_primal,error_L2_pressure_dual,error_L2_velocity_dual,error_H1_pressure_dual,error_Hcurl_velocity_dual,error_tangential_dual,error_normal_dual,error_L2_pressure_df,error_L2_velocity_df,rate_L2_pressure_primal,rate_L2_velocity_primal,rate_Hdiv_velocity_primal,rate_tangential_primal,rate_normal_primal,rate_L2_pressure_dual,rate_L2_velocity_dual,rate_H1_pressure_dual,rate_Hcurl_velocity_dual,rate_tangential_dual,rate_normal_dual,rate_L2_pressure_df,rate_L2_velocity_df
1,0.0014498668959999636,0.0017697361180389788,0.0024518429827431625,0.0032059249578890057,0.001504661677154093,0.000949534831206687,0.0036180494349190985,0.009403623524130843,0.0036180494349190985,0.00591981541830891,0.006446584957264346,0.0013296225493518133,0.0038371836946293,---,---,---,---,---,---,---,---,---,---,---,---,---
2,0.00024407031597430305,0.00022054188415470031,0.0003595307217160358,0.000411002453231829,9.260654716184945e-05,6.105132579368356e-05,0.0004889743905831427,0.0012647525277282986,0.0004889743905831427,0.0003878736366711957,0.0011268141934327857,0.00023996244611452293,0.000529471882261178,2.570551711542487,3.004409682881475,2.769679632474599,2.9635217459181558,4.02218112981727,3.9591263925430216,2.8873813073021886,2.894361659063353,2.8873813073021886,3.9318935668967736,2.516285461944234,2.4701362061358143,2.8574218549783286
4,3.19997608762113e-05,2.769843012167044e-05,4.637384771840385e-05,5.096214010048783e-05,5.75395783478199e-06,3.684062922233792e-06,6.22031561560624e-05,0.0001606717793957487,6.22031561560645e-05,2.3856992412263756e-05,0.00014976489538743679,3.1938928208924495e-05,6.781541646659034e-05,2.9311638145957843,2.9931765555306207,2.95473171378851,3.011649236820638,4.008487639639608,4.050653017819101,2.9746992188953243,2.976666663003696,2.9746992188952746,4.023102637991645,2.9114782377256727,2.909420837739164,2.964868888199261
